Index,Name,Form,Pokemon,Gender,CP,HP,Atk IV,Def IV,Sta IV,IV Avg,Level Min,Level Max,Quick Move,Charge Move,Charge Move 2,Scan Date,Catch Date,Weight,Height,Lucky,Shadow/Purified,Favorite,Dust,Rank % (G),Rank # (G),Stat Product (G),Dust Cost (G),Candy Cost (G),Name (G),Form (G),Sha/Pur (G),Rank % (U),Rank # (U),Stat Product (U),Dust Cost (U),Candy Cost (U),Name (U),Form (U),Sha/Pur (U),Rank % (L),Rank # (L),Stat Product (L),Dust Cost (L),Candy Cost (L),Name (L),Form (L),Sha/Pur (L),Marked for PvP use
1,Zygarde,10%,718,,988,80,,,,80.7,15.0,15.0,Bite,Outrage,,"2023-08-27 14:59",,45.55kg,1.36m,0,0,0,1900,48.08%,1615,95.34%,35400,33,Zygarde,10%,0,80.12%,726,96.14%,397400,268,Zygarde,10%,0,,,,,,,,,
2,Regidrago,,895,,1664,246,,,,71.4,20.0,20.5,Bite,Dragon Pulse,,"2023-08-27 14:38",,236.66kg,2.26m,0,0,0,2500,,,,,,,,,55.42%,593,97.46%,88500,78,Regidrago,,0,,,,,,,,,
3,Regidrago,,895,,1667,247,,,,78.1,20.0,20.5,Bite,Outrage,,"2023-08-27 14:38",,282.66kg,2.43m,0,0,0,2500,,,,,,,,,35.65%,873,97.04%,82500,72,Regidrago,,0,,,,,,,,,
4,Regidrago,,895,,1674,247,,,,84.4,20.0,20.5,Bite,Hyper Beam,,"2023-08-27 14:38",,141.49kg,1.79m,0,0,0,2500,,,,,,,,,42.21%,1400,96.42%,82500,72,Regidrago,,0,,,,,,,,,
5,Regieleki,,894,,1553,119,,,,77.8,20.0,20.0,Thunder Shock,Hyper Beam,,"2023-08-27 14:38",,81.26kg,1.04m,0,0,0,2500,,,,,,,,,54.38%,1319,96.56%,123000,114,Regieleki,,0,,,,,,,,,
6,Regieleki,,894,,1554,119,15,10,10,77.8,20.0,20.0,Lock-On,Hyper Beam,,"2023-08-27 14:38",,173.53kg,1.31m,0,0,0,2500,,,,,,,,,31.31%,2814,95.22%,123000,114,Regieleki,,0,,,,,,,,,
7,Regieleki,,894,,1569,121,,,,86.7,20.0,20.0,Thunder Shock,Zap Cannon,,"2023-08-27 14:38",,149.32kg,1.2m,0,0,0,2500,,,,,,,,,54.52%,1485,96.41%,116000,106,Regieleki,,0,,,,,,,,,
8,Zamazenta,Hero,889,,2163,123,,,,92.2,20.0,20.0,Ice Fang,Crunch,,"2023-08-27 14:38",,192.73kg,2.91m,0,0,0,2500,,,,,,,,,80.85%,627,97.36%,17000,16,Zamazenta,Hero,0,,,,,,,,,
9,Zacian,Hero,888,,2109,121,,,,68.9,20.0,20.0,Fire Fang,Close Combat,,"2023-08-27 14:38",,151.47kg,3.05m,0,0,0,2500,,,,,,,,,57.60%,1405,96.42%,20500,19,Zacian,Hero,0,,,,,,,,,
10,Cosmog,,789,,163,70,,,,66.9,15.0,15.0,Splash,Struggle,,"2023-08-27 14:38",,0.14kg,0.24m,0,0,0,1900,84.52%,283,92.55%,496400,293,Cosmoem,,0,42.91%,783,96.83%,35400,158,Solgaleo,,0,31.17%,1665,91.35%,45400,67,Cosmoem,,0,
11,Tapu Fini,,788,,1612,111,,,,91.1,20.0,20.0,Hidden Power,Hydro Pump,,"2023-08-27 14:38",,24.65kg,1.49m,0,0,0,2500,,,,,,,,,66.01%,1260,96.89%,97000,86,Tapu Fini,,0,,,,,,,,,
12,Tapu Fini,,788,,1621,111,14,14,15,95.6,20.0,20.0,Hidden Power,Ice Beam,,"2023-08-27 14:38",,33.77kg,1.62m,0,0,0,2500,,,,,,,,,53.06%,1923,96.22%,91000,80,Tapu Fini,,0,,,,,,,,,
13,Tapu Fini,,788,,2016,123,14,14,13,91.1,25.0,25.0,Water Gun,Moonblast,,"2023-08-27 14:38",,15.33kg,1.03m,0,0,0,4000,,,,,,,,,55.14%,1838,96.30%,66000,58,Tapu Fini,,0,,,,,,,,,
14,Tapu Bulu,,787,,1933,111,,,,92.2,20.0,20.0,Bullet Seed,Dazzling Gleam,,"2023-08-27 14:38",,73.75kg,2.37m,0,0,0,2500,,,,,,,,,47.24%,2086,95.59%,35000,31,Tapu Bulu,,0,,,,,,,,,
15,Tapu Bulu,,787,,1949,111,15,14,15,97.8,20.0,20.0,Bullet Seed,Grass Knot,,"2023-08-27 14:38",,69.04kg,2.17m,0,0,0,2500,,,,,,,,,75.90%,988,96.67%,35000,31,Tapu Bulu,,0,,,,,,,,,
16,Tapu Bulu,,787,,2436,124,15,15,14,97.8,25.0,25.0,Bullet Seed,Solar Beam,,"2023-08-27 14:38",,48.73kg,2.01m,0,0,0,4000,,,,,,,,,68.11%,1307,96.32%,4000,3,Tapu Bulu,,0,,,,,,,,,
17,Yveltal,,717,,2118,155,,,,84.4,20.0,20.0,Snarl,Oblivion Wing,,"2023-08-27 14:37",,256.16kg,6.84m,0,0,0,2500,,,,,,,,,72.31%,517,97.32%,20500,19,Yveltal,,0,,,,,,,,,
18,Yveltal,,717,,2121,152,14,13,10,82.2,20.0,20.0,Snarl,Oblivion Wing,,"2023-08-27 14:37",,282.57kg,6.96m,0,0,0,2500,,,,,,,,,64.71%,1446,96.19%,20500,19,Yveltal,,0,,,,,,,,,
19,Yveltal,,717,,2134,154,14,14,12,88.9,20.0,20.0,Snarl,Oblivion Wing,,"2023-08-27 14:37",,159.44kg,4.97m,0,0,0,2500,,,,,,,,,25.05%,3070,94.62%,17000,16,Yveltal,,0,,,,,,,,,
20,Yveltal,,717,,2646,171,,,,81.1,25.0,25.0,Snarl,Oblivion Wing,,"2023-08-27 14:37",,295.43kg,7.01m,0,0,0,4000,,,,,,,,,,,,,,,,,,,,,,,,,
21,Xerneas,,716,,2126,154,,,,85.6,20.0,20.0,Geomancy,Thunder,,"2023-08-27 14:37",,276.17kg,3.27m,0,0,0,2500,,,,,,,,,83.53%,417,97.48%,20500,19,Xerneas,,0,,,,,,,,,
22,Xerneas,,716,,2623,172,,,,77.8,25.0,25.0,Geomancy,Close Combat,,"2023-08-27 14:37",,142.78kg,2.53m,0,0,0,4000,,,,,,,,,,,,,,,,,,,,,,,,,
23,Xerneas,,716,,2668,173,,,,90.0,25.0,25.0,Geomancy,Megahorn,,"2023-08-27 14:37",,161.06kg,2.43m,0,0,0,4000,,,,,,,,,,,,,,,,,,,,,,,,,
24,Landorus,Normal,645,♂,2013,130,,,,85.9,20.0,20.0,Mud Shot,Earth Power,,"2023-08-27 14:37",,77.52kg,1.64m,0,0,0,2500,,,,,,,,,46.56%,1733,96.06%,27500,25,Landorus,Normal,0,,,,,,,,,
25,Cresselia,,488,♀,1612,161,,,,84.4,20.0,20.0,Psycho Cut,Aurora Beam,,"2023-08-27 14:37",,195.5kg,2.16m,0,0,0,2500,,,,,,,,,25.45%,3001,94.88%,97000,86,Cresselia,,0,,,,,,,,,
26,Cresselia,,488,♀,1624,162,15,15,12,93.3,20.0,20.0,Confusion,Aurora Beam,,"2023-08-27 14:37",,63.26kg,1.2m,0,0,0,2500,,,,,,,,,33.04%,2743,95.16%,91000,80,Cresselia,,0,,,,,,,,,
27,Cresselia,,488,♀,2033,183,,,,95.6,25.0,25.0,Confusion,Aurora Beam,,"2023-08-27 14:37",,104.2kg,1.78m,0,0,0,4000,,,,,,,,,16.30%,3308,94.51%,54000,46,Cresselia,,0,,,,,,,,,
28,Giratina,Altered,487,,1879,178,,,,78.9,20.0,20.0,Shadow Claw,Dragon Claw,,"2023-08-27 14:37",,569.54kg,4.16m,0,0,0,2500,,,,,,,,,50.95%,856,96.87%,43000,38,Giratina,Altered,0,,,,,,,,,
29,Regigigas,,486,,2418,138,,,,74.4,20.0,20.0,Zen Headbutt,Giga Impact,,"2023-08-27 14:37",,181.48kg,1.94m,0,0,0,2500,,,,,,,,,50.06%,1688,96.26%,2500,2,Regigigas,,0,,,,,,,,,
30,Regigigas,,486,,2420,140,,,,79.3,20.0,20.0,Hidden Power,Giga Impact,,"2023-08-27 14:37",,240.89kg,2.9m,0,0,0,2500,,,,,,,,,75.75%,256,98.19%,2500,2,Regigigas,,0,,,,,,,,,
31,Regigigas,,486,,2430,137,,,,80.0,20.0,20.0,Zen Headbutt,Focus Blast,,"2023-08-27 14:37",,422.26kg,3.32m,0,0,0,2500,,,,,,,,,77.89%,730,97.31%,2500,2,Regigigas,,0,,,,,,,,,
32,Heatran,,485,♀,2080,130,,,,73.3,20.0,20.0,Fire Spin,Magma Storm,,"2023-08-27 14:37",,497.5kg,1.73m,0,0,0,2500,,,,,,,,,71.48%,586,97.16%,24000,22,Heatran,,0,,,,,,,,,
33,Heatran,,485,♀,2088,131,,,,75.6,20.0,20.0,Fire Spin,Magma Storm,,"2023-08-27 14:37",,570.83kg,1.97m,0,0,0,2500,,,,,,,,,12.84%,3266,94.41%,20500,19,Heatran,,0,,,,,,,,,
34,Heatran,,485,♀,2095,133,,,,84.4,20.0,20.0,Fire Spin,Magma Storm,,"2023-08-27 14:37",,335.67kg,1.68m,0,0,0,2500,,,,,,,,,59.58%,1526,96.09%,20500,19,Heatran,,0,,,,,,,,,
35,Heatran,,485,♂,2110,132,,,,86.7,20.0,20.0,Fire Spin,Magma Storm,,"2023-08-27 14:37",,317.1kg,1.71m,0,0,0,2500,,,,,,,,,62.11%,1328,96.28%,20500,19,Heatran,,0,,,,,,,,,
36,Palkia,,484,,2207,118,,,,70.7,20.0,20.0,Dragon Tail,Aqua Tail,,"2023-08-27 14:37",,262.66kg,3.5m,0,0,0,2500,,,,,,,,,54.38%,970,96.57%,14000,13,Palkia,,0,,,,,,,,,
37,Palkia,,484,,2211,120,,,,72.9,20.0,20.0,Dragon Breath,Aqua Tail,,"2023-08-27 14:37",,505.56kg,4.82m,0,0,0,2500,,,,,,,,,62.39%,959,96.57%,14000,13,Palkia,,0,,,,,,,,,
38,Palkia,,484,,2248,120,,,,87.8,20.0,20.0,Dragon Tail,Fire Blast,,"2023-08-27 14:37",,398.19kg,4.7m,0,0,0,2500,,,,,,,,,43.50%,1981,95.56%,11000,10,Palkia,,0,,,,,,,,,
39,Dialga,,483,,2861,145,14,15,13,93.3,25.0,25.0,Dragon Breath,Draco Meteor,,"2023-08-27 14:37",,713.92kg,5.26m,0,0,0,4000,,,,,,,,,,,,,,,,,,,,,,,,,
40,Azelf,,482,,1786,117,,,,82.2,20.0,20.0,Extrasensory,Fire Blast,,"2023-08-27 14:37",,0.27kg,0.28m,0,0,0,2500,,,,,,,,,67.34%,192,98.00%,56000,50,Azelf,,0,,,,,,,,,
41,Azelf,,482,,1788,115,,,,82.2,20.0,20.0,Extrasensory,Future Sight,,"2023-08-27 14:36",,0.36kg,0.32m,0,0,0,2500,,,,,,,,,44.10%,1851,95.89%,51500,46,Azelf,,0,,,,,,,,,
42,Azelf,,482,,1797,117,,,,86.7,20.0,20.0,Extrasensory,Swift,,"2023-08-27 14:36",,0.29kg,0.27m,0,0,0,2500,,,,,,,,,73.33%,974,96.72%,51500,46,Azelf,,0,,,,,,,,,
43,Mesprit,,481,,2148,133,,,,85.6,25.0,25.0,Confusion,Blizzard,,"2023-08-27 14:36",,0.34kg,0.29m,0,0,0,4000,,,,,,,,,36.46%,2403,95.54%,34000,30,Mesprit,,0,,,,,,,,,
44,Uxie,,480,,1416,116,13,13,14,88.9,20.0,20.0,Extrasensory,Swift,,"2023-08-27 14:36",,0.23kg,0.26m,0,0,0,2500,52.82%,1933,94.92%,5000,4,Uxie,,0,45.86%,2218,95.53%,235000,248,Uxie,,0,,,,,,,,,
45,Rayquaza,Normal,384,,2133,134,,,,78.9,20.0,20.0,Dragon Tail,Outrage,,"2023-08-27 14:36",,124.58kg,5.41m,0,0,0,2500,,,,,,,,,38.57%,1843,95.55%,17000,16,Rayquaza,Normal,0,,,,,,,,,
46,Rayquaza,Normal,384,,2520,149,3,3,11,37.8,25.0,25.0,Dragon Tail,Hurricane,,"2023-08-27 14:36",,206.93kg,6m,0,0,0,4000,,,,,,,,,,,,,,,,,,,,,,,,,
47,Groudon,Normal,383,,2282,128,11,13,10,75.6,20.0,20.0,Dragon Tail,Fire Blast,,"2023-08-27 14:36",,460.16kg,3.04m,0,0,0,2500,,,,,,,,,33.50%,2724,95.06%,8000,7,Groudon,Normal,0,,,,,,,,,
48,Groudon,Normal,383,,2335,131,13,15,15,95.6,20.0,20.0,Dragon Tail,Fire Blast,,"2023-08-27 14:36",,1596.27kg,4.29m,0,0,0,2500,,,,,,,,,31.84%,2792,94.99%,5000,4,Groudon,Normal,0,,,,,,,,,
49,Groudon,Normal,383,,2844,144,,,,71.9,25.0,25.0,Dragon Tail,Solar Beam,,"2023-08-27 14:36",,495.16kg,2.82m,0,0,0,4000,,,,,,,,,,,,,,,,,,,,,,,,,
50,Groudon,Normal,383,,2873,145,,,,80.0,25.0,25.0,Dragon Tail,Fire Blast,,"2023-08-27 14:36",,1197.11kg,3.85m,0,0,0,4000,,,,,,,,,,,,,,,,,,,,,,,,,
51,Groudon,Normal,383,,2874,146,,,,80.0,25.0,25.0,Dragon Tail,Solar Beam,,"2023-08-27 14:36",,531.45kg,2.66m,0,0,0,4000,,,,,,,,,,,,,,,,,,,,,,,,,
52,Groudon,Normal,383,,2899,146,14,10,15,86.7,25.0,25.0,Dragon Tail,Fire Blast,,"2023-08-27 14:36",,1523.17kg,4.32m,0,0,0,4000,,,,,,,,,,,,,,,,,,,,,,,,,
53,Kyogre,Normal,382,,2283,129,,,,73.3,20.0,20.0,Waterfall,Surf,,"2023-08-27 14:36",,450.38kg,5.23m,0,0,0,2500,,,,,,,,,19.02%,2803,94.98%,8000,7,Kyogre,Normal,0,,,,,,,,,
54,Kyogre,Normal,382,,2287,129,,,,73.3,20.0,20.0,Waterfall,Thunder,,"2023-08-27 14:36",,355.69kg,4.39m,0,0,0,2500,,,,,,,,,20.61%,2862,94.91%,8000,7,Kyogre,Normal,0,,,,,,,,,
55,Kyogre,Normal,382,,2289,129,,,,78.5,20.0,20.0,Waterfall,Thunder,,"2023-08-27 14:35",,225.5kg,3.64m,0,0,0,2500,,,,,,,,,40.00%,1913,95.83%,8000,7,Kyogre,Normal,0,,,,,,,,,
56,Kyogre,Normal,382,,2326,129,15,13,12,88.9,20.0,20.0,Waterfall,Blizzard,,"2023-08-27 14:35",,320.89kg,3.83m,0,0,0,2500,,,,,,,,,83.39%,681,97.13%,8000,7,Kyogre,Normal,0,,,,,,,,,
57,Kyogre,Normal,382,,2327,129,14,15,12,91.1,20.0,20.0,Waterfall,Hydro Pump,,"2023-08-27 14:35",,735.25kg,6.6m,0,0,0,2500,,,,,,,,,11.01%,3645,93.90%,5000,4,Kyogre,Normal,0,,,,,,,,,
58,Kyogre,Normal,382,,2856,144,,,,76.3,25.0,25.0,Waterfall,Blizzard,,"2023-08-27 14:35",,223.25kg,3.7m,0,0,0,4000,,,,,,,,,,,,,,,,,,,,,,,,,
59,Regice,,378,,662,76,,,,60.9,8.0,8.0,Frost Breath,Frustration,,"2023-08-27 14:35",,123.1kg,1.56m,0,1,0,961,52.72%,837,96.53%,32406,51,Regice,,1,62.63%,466,97.82%,130326,147,Regice,,1,,,,,,,,,
60,Regice,,378,,664,75,,,,59.3,8.0,8.0,Rock Smash,Frustration,,"2023-08-27 14:35",,403.33kg,2.67m,0,1,0,961,40.62%,1286,95.88%,32406,51,Regice,,1,56.59%,1095,96.94%,50600,50,Regice,,2,,,,,,,,,
61,Regice,,378,,687,75,,,,76.5,8.0,8.0,Lock-On,Frustration,,"2023-08-27 14:35",,191.05kg,1.9m,0,1,0,961,33.12%,2298,94.64%,29766,48,Regice,,1,28.11%,2455,95.28%,118926,137,Regice,,1,,,,,,,,,
62,Regirock,,377,,655,74,,,,50.4,8.0,8.0,Rock Smash,Frustration,,"2023-08-27 14:35",,341.53kg,2.06m,0,1,0,961,80.75%,266,97.78%,35046,54,Regirock,,1,66.66%,732,97.41%,55100,54,Regirock,,2,,,,,,,,,
63,Lugia,,249,,2095,149,13,15,15,95.6,20.0,20.0,Extrasensory,Aeroblast,,"2023-08-27 14:35",,162.05kg,4.63m,0,0,0,2500,,,,,,,,,26.72%,3002,94.55%,20500,19,Lugia,,0,,,,,,,,,
64,Mewtwo,Normal,150,,2309,135,,,,72.9,20.0,20.0,Confusion,Ice Beam,,"2023-08-27 14:35",,126.48kg,2.15m,0,1,0,3000,,,,,,,,,64.60%,231,97.95%,9600,10,Mewtwo,Normal,1,,,,,,,,,
65,Mewtwo,Normal,150,,3699,168,,,,75.6,33.0,34.5,Psycho Cut,Ice Beam,,"2023-08-27 14:35",,85.76kg,1.56m,0,1,0,8400,,,,,,,,,,,,,,,,,,,,,,,,,
66,Mewtwo,Normal,150,,4241,182,12,14,13,86.7,42.5,42.5,Confusion,Psystrike,,"2023-08-27 14:35",,118.84kg,1.71m,0,1,0,13200,,,,,,,,,,,,,,,,,,,,,,,,,
67,Moltres,Normal,146,,125,130,,,,78.9,20.0,20.0,Wing Attack,Overheat,,"2023-08-27 14:35",,68.32kg,2.18m,0,0,0,2500,,,,,,,,,35.38%,2263,95.46%,35000,31,Moltres,Normal,0,,,,,,,,,
68,Moltres,Normal,146,,2418,146,,,,61.1,25.0,26.5,Wing Attack,Heat Wave,,"2023-08-27 14:34",,32.86kg,1.62m,0,0,0,4000,,,,,,,,,23.96%,2110,95.60%,4000,4,Moltres,Normal,0,,,,,,,,,
69,Zapdos,Normal,145,,1968,131,,,,82.2,20.0,20.0,Charge Beam,Drill Peck,,"2023-08-27 14:34",,69.7kg,1.94m,0,0,0,2500,,,,,,,,,27.88%,2272,95.78%,31000,28,Zapdos,Normal,0,,,,,,,,,
70,Zapdos,Normal,145,,1985,132,,,,88.9,20.0,20.0,Charge Beam,Zap Cannon,,"2023-08-27 14:34",,32.13kg,1.27m,0,0,0,2500,,,,,,,,,66.39%,627,97.46%,31000,28,Zapdos,Normal,0,,,,,,,,,
71,Articuno,Normal,144,,1682,130,,,,70.6,20.0,20.0,Ice Shard,Frustration,,"2023-08-27 14:34",,25.39kg,1.21m,0,1,0,3000,,,,,,,,,31.19%,1816,96.26%,84000,81,Articuno,Normal,1,,,,,,,,,
72,Articuno,Normal,144,,1716,132,,,,88.9,20.0,20.0,Ice Shard,Icy Wind,,"2023-08-27 14:34",,16.43kg,1.3m,0,0,0,2500,,,,,,,,,44.30%,2181,95.86%,65000,58,Articuno,Normal,0,,,,,,,,,
73,Articuno,Normal,144,,1725,132,14,12,15,91.1,20.0,20.0,Frost Breath,Ancient Power,,"2023-08-27 14:34",,30.81kg,1.44m,0,0,0,2500,,,,,,,,,12.23%,3595,94.08%,60500,54,Articuno,Normal,0,,,,,,,,,
74,Articuno,Normal,144,,1728,130,,,,91.1,20.0,20.0,Frost Breath,Frustration,,"2023-08-27 14:34",,58.81kg,1.6m,0,1,0,3000,,,,,,,,,24.02%,2877,95.07%,46550,46,Articuno,Normal,2,,,,,,,,,
75,Articuno,Normal,144,,2094,146,,,,70.0,25.0,25.0,Frost Breath,Frustration,,"2023-08-27 14:34",,66.82kg,1.84m,0,1,0,4800,,,,,,,,,26.36%,2331,95.69%,50600,50,Articuno,Normal,2,,,,,,,,,
76,Larvesta,,636,♂,855,96,15,15,15,100.0,20.0,20.0,Ember,Flame Charge,,"2023-08-27 14:32",,30.66kg,1.11m,0,0,0,2500,74.31%,1053,95.40%,225000,248,Larvesta,,0,82.95%,699,96.68%,24000,422,Volcarona,,0,,,,,,,,,
77,Gabite,,444,♂,1606,134,15,15,15,100.0,30.0,30.0,Take Down,Twister,,"2023-08-27 14:31",,63.03kg,1.56m,0,0,0,5000,,,,,,,,,100.00%,1,100%,400000,182,Gabite,,0,,,,,,,,,
78,Beldum,,374,,530,78,15,15,15,100.0,19.0,19.0,Take Down,Struggle,,"2023-08-27 14:31",,153.18kg,0.75m,0,0,0,2500,53.72%,1896,95.18%,90000,103,Metang,,0,83.15%,691,97.13%,22000,145,Metagross,,0,,,,,,,,,
79,Beldum,,374,,390,67,15,15,15,100.0,14.0,14.0,Take Down,Struggle,,"2023-08-27 14:31",,69.11kg,0.47m,0,0,0,1600,53.72%,1896,95.18%,109600,123,Metang,,0,83.15%,691,97.13%,41600,165,Metagross,,0,19.44%,3300,89.97%,13000,14,Beldum,,0,
80,Metagross,,376,,2166,122,15,15,15,100.0,20.0,20.0,Zen Headbutt,Meteor Mash,,"2023-08-27 14:30",,430.83kg,1.5m,0,0,0,2500,,,,,,,,,83.15%,691,97.13%,17000,16,Metagross,,0,,,,,,,,,
81,Salamence,Normal,373,♀,2142,137,15,15,15,100.0,20.0,20.0,Dragon Tail,Outrage,,"2023-08-27 14:30",,155.26kg,1.67m,0,0,0,2500,,,,,,,,,38.17%,2533,95.36%,17000,16,Salamence,Normal,0,,,,,,,,,
82,Salamence,Normal,373,♀,2785,157,15,15,15,100.0,26.0,26.0,Bite,Outrage,,"2023-08-27 14:30",,145.15kg,1.74m,0,0,0,4000,,,,,,,,,,,,,,,,,,,,,,,,,
83,Metagross,,376,,2600,134,15,15,15,100.0,24.0,24.0,Zen Headbutt,Meteor Mash,,"2023-08-27 14:30",,663.41kg,1.67m,0,0,0,3500,,,,,,,,,,,,,,,,,,,,,,,,,
84,Gyarados,Normal,130,♂,2180,146,15,15,15,100.0,22.5,22.5,Bite,Crunch,,"2023-08-27 14:30",,266.92kg,6.81m,0,0,0,3000,,,,,,,,,39.85%,2464,94.92%,21000,18,Gyarados,Normal,0,,,,,,,,,
85,Metagross,,376,,1516,102,15,15,15,100.0,14.0,14.0,Bullet Punch,Meteor Mash,,"2023-08-27 14:30",,223.27kg,0.85m,0,0,0,1600,,,,,,,,,83.15%,691,97.13%,41600,40,Metagross,,0,,,,,,,,,
86,Metagross,,376,,2600,134,15,15,15,100.0,24.0,24.0,Bullet Punch,Meteor Mash,,"2023-08-27 14:30",,496.47kg,1.5m,0,0,0,3500,,,,,,,,,,,,,,,,,,,,,,,,,
87,Tsareena,,763,♀,220,41,,,,98.9,3.0,3.0,Charm,Energy Ball,,"2023-08-27 14:29",,8.99kg,0.74m,0,0,0,400,48.67%,1894,94.76%,32600,42,Tsareena,,0,62.36%,1294,96.48%,114200,114,Tsareena,,0,68.93%,1192,93.23%,2800,6,Tsareena,,0,
88,Flygon,,330,♀,2281,149,15,15,15,100.0,30.0,30.0,Mud Shot,Earth Power,,"2023-08-27 14:29",,98.34kg,2.26m,0,0,0,5000,,,,,,,,,49.18%,2082,95.95%,70000,74,Flygon,,0,,,,,,,,,
89,Sudowoodo,,185,♀,920,96,15,15,15,100.0,15.0,15.0,Counter,Meteor Beam,,"2023-08-27 14:29",,26.38kg,0.92m,0,0,0,1900,23.76%,3123,93.55%,45400,42,Sudowoodo,,0,100.00%,1,100%,496400,268,Sudowoodo,,0,,,,,,,,,
90,Gabite,,444,♂,1606,134,15,15,15,100.0,30.0,30.0,Mud Shot,Twister,,"2023-08-27 14:29",,84.52kg,1.62m,0,0,0,5000,,,,,,,,,100.00%,1,100%,400000,182,Gabite,,0,,,,,,,,,
91,Infernape,,392,♂,2377,147,15,15,15,100.0,32.0,32.0,Fire Spin,Solar Beam,,"2023-08-27 14:29",,74.05kg,1.45m,0,0,0,6000,,,,,,,,,57.58%,1738,96.19%,40000,44,Infernape,,0,,,,,,,,,
92,Exeggutor,Normal,103,♀,2584,169,15,15,15,100.0,30.0,30.0,Bullet Seed,Solar Beam,,"2023-08-27 14:29",,69.67kg,1.66m,0,0,0,5000,,,,,,,,,,,,,,,,,,,,,,,,,
93,Blaziken,Normal,257,♂,2482,151,15,15,15,100.0,31.0,31.0,Counter,Brave Bird,,"2023-08-27 14:29",,18.59kg,1.47m,0,0,0,6000,,,,,,,,,57.41%,1745,96.12%,0,0,Blaziken,Normal,0,,,,,,,,,
94,Torterra,,389,♂,2725,175,15,15,15,100.0,35.0,35.0,Bite,Stone Edge,,"2023-08-27 14:29",,343.25kg,2.33m,0,0,0,8000,,,,,,,,,,,,,,,,,,,,,,,,,
95,Haxorus,,612,♂,3080,144,15,15,15,100.0,30.0,30.0,Dragon Tail,Surf,,"2023-08-27 14:29",,102.61kg,1.83m,0,0,0,5000,,,,,,,,,,,,,,,,,,,,,,,,,
96,Garchomp,,445,♀,3396,185,15,15,15,100.0,30.0,30.0,Mud Shot,Earthquake,,"2023-08-27 14:29",,83.35kg,1.86m,0,0,0,5000,,,,,,,,,,,,,,,,,,,,,,,,,
97,Blaziken,Normal,257,♂,2644,156,15,15,15,100.0,35.0,35.0,Fire Spin,Overheat,,"2023-08-27 14:29",,84.06kg,2.3m,0,0,0,8000,,,,,,,,,,,,,,,,,,,,,,,,,
98,Swampert,Normal,260,♂,2549,175,15,15,15,100.0,30.0,30.0,Mud Shot,Sludge Wave,,"2023-08-27 14:29",,83.09kg,1.38m,0,0,0,5000,,,,,,,,,,,,,,,,,,,,,,,,,
99,Dragonite,,149,♀,1733,119,15,15,15,100.0,16.0,16.0,Dragon Breath,Outrage,,"2023-08-27 14:29",,302.9kg,2.71m,0,0,0,1900,,,,,,,,,82.27%,727,96.79%,34600,32,Dragonite,,0,,,,,,,,,
100,Staraptor,,398,♀,2422,155,15,15,15,100.0,30.0,30.0,Quick Attack,Close Combat,,"2023-08-27 14:29",,16.29kg,0.94m,0,0,0,5000,,,,,,,,,47.33%,2158,96.01%,16000,14,Staraptor,,0,,,,,,,,,
101,Dragonite,,149,♂,3792,177,15,15,15,100.0,40.0,40.0,Dragon Tail,Outrage,,"2023-08-27 14:29",,115.32kg,1.77m,0,0,0,10000,,,,,,,,,,,,,,,,,,,,,,,,,
102,Dragonite,,149,♂,3792,177,15,15,15,100.0,40.0,40.0,Steel Wing,Outrage,,"2023-08-27 14:29",,148.8kg,1.95m,0,0,0,10000,,,,,,,,,,,,,,,,,,,,,,,,,
103,Dragonite,,149,♀,3792,177,15,15,15,100.0,40.0,40.0,Dragon Tail,Outrage,,"2023-08-27 14:29",,171.82kg,1.96m,0,0,0,10000,,,,,,,,,,,,,,,,,,,,,,,,,
104,Dragonite,,149,♀,2492,143,15,15,15,100.0,23.0,23.0,Dragon Tail,Outrage,,"2023-08-27 14:29",,269.05kg,2.5m,0,0,0,3500,,,,,,,,,82.27%,727,96.79%,0,0,Dragonite,,0,,,,,,,,,
105,Pyroar,,668,♀,1186,111,15,15,15,100.0,15.0,15.0,Take Down,Dark Pulse,,"2023-08-27 14:29",,52.61kg,1.29m,0,0,0,1900,19.27%,3307,93.34%,14200,14,Pyroar,,0,64.81%,1442,96.54%,130400,118,Pyroar,,0,,,,,,,,,
106,Drapion,,452,♀,1542,117,15,15,15,100.0,22.0,22.0,Ice Fang,Aqua Tail,,"2023-08-27 14:29",,53.85kg,1.36m,0,0,0,3000,,,,,,,,,70.45%,1211,96.15%,245000,238,Drapion,,0,,,,,,,,,
107,Dragonite,,149,♀,3576,171,15,15,15,100.0,36.0,36.0,Dragon Tail,Outrage,,"2023-08-27 14:29",,262.82kg,2.64m,0,0,0,8000,,,,,,,,,,,,,,,,,,,,,,,,,
108,Dragonite,,149,♀,3792,177,15,15,15,100.0,40.0,40.0,Dragon Tail,Outrage,,"2023-08-27 14:29",,211.28kg,2.07m,0,0,0,10000,,,,,,,,,,,,,,,,,,,,,,,,,
109,Drapion,,452,♀,1401,111,15,15,15,100.0,20.0,20.0,Bite,Crunch,,"2023-08-27 14:29",,48.06kg,1.18m,0,0,0,2500,24.13%,3108,93.71%,5000,4,Drapion,,0,70.45%,1211,96.15%,256000,248,Drapion,,0,,,,,,,,,
110,Haxorus,,612,♀,864,76,15,15,15,100.0,8.5,8.5,Dragon Tail,Dragon Claw,,"2023-08-27 14:29",,70.69kg,1.61m,0,0,0,800,81.76%,748,96.14%,14800,19,Haxorus,,0,47.20%,2163,95.77%,61800,63,Haxorus,,0,,,,,,,,,
111,Wigglytuff,,40,♀,1458,213,15,15,15,100.0,26.5,26.5,Pound,Dazzling Gleam,,"2023-08-27 14:29",,16.82kg,1.18m,0,0,0,4000,47.84%,2137,94.69%,4000,4,Wigglytuff,,0,100.00%,1,100%,432000,210,Wigglytuff,,0,,,,,,,,,
112,Vaporeon,,134,♀,3114,230,15,15,15,100.0,40.0,40.0,Water Gun,Water Pulse,,"2023-08-27 14:29",,30.03kg,1.03m,0,0,0,10000,,,,,,,,,,,,,,,,,,,,,,,,,
113,Salamence,Normal,373,♂,1607,119,15,15,15,100.0,15.0,15.0,Fire Fang,Draco Meteor,,"2023-08-27 14:28",,119.67kg,1.64m,0,0,0,1900,,,,,,,,,38.17%,2533,95.36%,38400,36,Salamence,Normal,0,,,,,,,,,
114,Rhyperior,,464,♂,3467,202,15,15,15,100.0,35.0,35.0,Smack Down,Skull Bash,,"2023-08-27 14:28",,281.37kg,2.4m,0,0,0,8000,,,,,,,,,,,,,,,,,,,,,,,,,
115,Throh,,538,♂,2196,201,15,15,15,100.0,30.0,30.0,Low Kick,Focus Blast,,"2023-08-27 14:28",,87.56kg,1.55m,0,0,0,5000,,,,,,,,,41.66%,2390,95.35%,112000,128,Throh,,0,,,,,,,,,
116,Slowpoke,Galarian,79,♂,1281,179,15,15,15,100.0,43.5,43.5,Iron Tail,Surf,,"2023-08-27 14:28",,26.49kg,1.01m,0,0,0,12000,100.00%,1,100%,174000,0,Slowpoke,Galarian,0,100.00%,1,100%,174000,0,Slowpoke,Galarian,0,,,,,,,,,
117,Flygon,,330,♂,2395,153,15,15,15,100.0,33.0,33.0,Mud Shot,Dragon Claw,,"2023-08-27 14:28",,119.83kg,2.46m,0,0,0,7000,,,,,,,,,49.18%,2082,95.95%,36000,42,Flygon,,0,,,,,,,,,
118,Swampert,Normal,260,♂,2124,160,15,15,15,100.0,25.0,25.0,Water Gun,Earthquake,,"2023-08-27 14:28",,44.44kg,1.17m,0,0,0,4000,,,,,,,,,14.09%,3519,94.60%,34000,30,Swampert,Normal,0,,,,,,,,,
119,Magneton,,82,,2485,120,15,15,15,100.0,40.0,40.0,Thunder Shock,Discharge,,"2023-08-27 14:28",,75.09kg,1.06m,0,0,0,10000,,,,,,,,,65.47%,1415,96.45%,0,0,Magneton,,0,,,,,,,,,
120,Diggersby,,660,♂,1509,168,15,15,15,100.0,40.0,40.0,Mud Shot,Earthquake,,"2023-08-27 14:28",,44.25kg,1m,0,0,0,10000,,,,,,,,,100.00%,1,100%,250000,0,Diggersby,,0,,,,,,,,,
121,Machamp,,68,♂,3056,175,15,15,15,100.0,40.0,40.0,Counter,Dynamic Punch,,"2023-08-27 14:28",,84.4kg,1.29m,0,0,0,10000,,,,,,,,,,,,,,,,,,,,,,,,,
122,Machamp,,68,♂,3056,175,15,15,15,100.0,40.0,40.0,Bullet Punch,Close Combat,,"2023-08-27 14:28",,121.17kg,1.75m,0,0,0,10000,,,,,,,,,,,,,,,,,,,,,,,,,
123,Greninja,,658,♂,2654,150,15,15,15,100.0,40.0,40.0,Water Shuriken,Hydro Cannon,,"2023-08-27 14:28",,70.59kg,1.85m,0,0,0,10000,,,,,,,,,,,,,,,,,,,,,,,,,
124,Greninja,,658,♂,2654,150,15,15,15,100.0,40.0,40.0,Water Shuriken,Hydro Cannon,,"2023-08-27 14:28",,20.54kg,1.2m,0,0,0,10000,,,,,,,,,,,,,,,,,,,,,,,,,
125,Greninja,,658,♂,2654,150,15,15,15,100.0,40.0,40.0,Water Shuriken,Hydro Cannon,,"2023-08-27 14:28",,30.69kg,1.44m,0,0,0,10000,,,,,,,,,,,,,,,,,,,,,,,,,
126,Greninja,,658,♂,2654,150,15,15,15,100.0,40.0,40.0,Water Shuriken,Hydro Cannon,,"2023-08-27 14:28",,27.16kg,1.45m,0,0,0,10000,,,,,,,,,,,,,,,,,,,,,,,,,
127,Greninja,,658,♂,2654,150,15,15,15,100.0,40.0,40.0,Water Shuriken,Hydro Cannon,,"2023-08-27 14:28",,26.93kg,1.15m,0,0,0,10000,,,,,,,,,,,,,,,,,,,,,,,,,
128,Greninja,,658,♂,2654,150,15,15,15,100.0,40.0,40.0,Water Shuriken,Hydro Cannon,,"2023-08-27 14:28",,39.89kg,1.64m,0,0,0,10000,,,,,,,,,,,,,,,,,,,,,,,,,
129,Machamp,,68,♂,3056,175,15,15,15,100.0,40.0,40.0,Counter,Close Combat,,"2023-08-27 14:28",,101.97kg,1.48m,0,0,0,10000,,,,,,,,,,,,,,,,,,,,,,,,,
130,Machamp,,68,♂,3056,175,15,15,15,100.0,40.0,40.0,Counter,Payback,,"2023-08-27 14:28",,97.34kg,1.56m,0,0,0,10000,,,,,,,,,,,,,,,,,,,,,,,,,
131,Machamp,,68,♂,3056,175,15,15,15,100.0,40.0,40.0,Counter,Rock Slide,,"2023-08-27 14:28",,99.8kg,1.53m,0,0,0,10000,,,,,,,,,,,,,,,,,,,,,,,,,
132,Pikachu,Normal,25,♂,938,99,15,15,15,100.0,40.0,40.0,Thunder Shock,Thunderbolt,,"2023-08-27 14:28",,5.79kg,0.42m,0,0,0,10000,100.00%,1,100%,250000,0,Pikachu,Normal,0,100.00%,1,100%,250000,50,Raichu,Normal,0,,,,,,,,,
133,Charizard,Normal,6,♂,2889,158,15,15,15,100.0,40.0,40.0,Fire Spin,Dragon Claw,,"2023-08-27 14:28",,74.72kg,1.46m,0,0,0,10000,,,,,,,,,,,,,,,,,,,,,,,,,
134,Jumpluff,,189,♂,1636,154,15,15,15,100.0,40.0,40.0,Fairy Wind,Solar Beam,,"2023-08-27 14:28",,2.57kg,0.72m,0,0,0,10000,,,,,,,,,100.00%,1,100%,250000,0,Jumpluff,,0,,,,,,,,,
135,Hitmontop,,237,♂,2156,120,15,15,15,100.0,40.0,40.0,Counter,Stone Edge,,"2023-08-27 14:28",,69.81kg,1.7m,0,0,0,10000,,,,,,,,,100.00%,1,100%,250000,0,Hitmontop,,0,,,,,,,,,
136,Lilligant,Normal,549,♀,2550,147,15,15,15,100.0,40.0,40.0,Charm,Petal Blizzard,,"2023-08-27 14:28",,19.18kg,1.25m,0,0,0,10000,,,,,,,,,,,,,,,,,,,,,,,,,
137,Jolteon,,135,♂,2888,140,15,15,15,100.0,40.0,40.0,Thunder Shock,Discharge,,"2023-08-27 14:28",,19.05kg,0.72m,0,0,0,10000,,,,,,,,,,,,,,,,,,,,,,,,,
138,Jumpluff,,189,♂,1636,154,15,15,15,100.0,40.0,40.0,Fairy Wind,Energy Ball,,"2023-08-27 14:28",,2.04kg,0.64m,0,0,0,10000,,,,,,,,,100.00%,1,100%,250000,0,Jumpluff,,0,,,,,,,,,
139,Wigglytuff,,40,♀,1926,244,15,15,15,100.0,40.0,40.0,Feint Attack,Dazzling Gleam,,"2023-08-27 14:28",,12.86kg,1.07m,0,0,0,10000,,,,,,,,,100.00%,1,100%,250000,0,Wigglytuff,,0,,,,,,,,,
140,Wailord,,321,♂,2280,286,15,15,15,100.0,40.0,40.0,Water Gun,Hyper Beam,,"2023-08-27 14:28",,494.02kg,16.25m,0,0,0,10000,,,,,,,,,95.19%,198,97.64%,164000,0,Wailord,,0,,,,,,,,,
141,Alakazam,Normal,65,♂,3057,127,15,15,15,100.0,40.0,40.0,Psycho Cut,Future Sight,,"2023-08-27 14:28",,94.48kg,2.08m,0,0,0,10000,,,,,,,,,,,,,,,,,,,,,,,,,
142,Blastoise,Normal,9,♂,2466,160,15,15,15,100.0,40.0,40.0,Water Gun,Flash Cannon,,"2023-08-27 14:27",,62.9kg,1.37m,0,0,0,10000,,,,,,,,,57.83%,1728,95.79%,20000,0,Blastoise,Normal,0,,,,,,,,,
143,Rampardos,,409,♂,3298,184,15,15,15,100.0,40.0,40.0,Smack Down,Rock Slide,,"2023-08-27 14:27",,126.57kg,1.89m,0,0,0,10000,,,,,,,,,,,,,,,,,,,,,,,,,
144,Cradily,,346,♂,2211,169,15,15,15,100.0,40.0,40.0,Infestation,Grass Knot,,"2023-08-27 14:27",,59.46kg,1.49m,0,0,0,10000,,,,,,,,,100.00%,1,100%,250000,0,Cradily,,0,,,,,,,,,
145,Tyrantrum,,697,♂,3128,164,15,15,15,100.0,40.0,40.0,Rock Throw,Meteor Beam,,"2023-08-27 14:27",,214.04kg,2.37m,0,0,0,10000,,,,,,,,,,,,,,,,,,,,,,,,,
146,Rampardos,,409,♂,3298,184,15,15,15,100.0,40.0,40.0,Smack Down,Rock Slide,,"2023-08-27 14:27",,111.26kg,1.7m,0,0,0,10000,,,,,,,,,,,,,,,,,,,,,,,,,
147,Tyrantrum,,697,♂,3128,164,15,15,15,100.0,40.0,40.0,Rock Throw,Meteor Beam,,"2023-08-27 14:27",,192.13kg,2.3m,0,0,0,10000,,,,,,,,,,,,,,,,,,,,,,,,,
148,Tyrantrum,,697,♀,3128,164,15,15,15,100.0,40.0,40.0,Rock Throw,Meteor Beam,,"2023-08-27 14:27",,227.5kg,2.18m,0,0,0,10000,,,,,,,,,,,,,,,,,,,,,,,,,
149,Rampardos,,409,♂,3298,184,15,15,15,100.0,40.0,40.0,Smack Down,Rock Slide,,"2023-08-27 14:27",,160.79kg,1.84m,0,0,0,10000,,,,,,,,,,,,,,,,,,,,,,,,,
150,Sawsbuck,,586,♀,2416,162,15,15,15,100.0,40.0,40.0,Take Down,Megahorn,,"2023-08-27 14:27",,63.92kg,1.58m,0,0,0,10000,,,,,,,,,71.75%,1158,96.42%,53000,0,Sawsbuck,,0,,,,,,,,,
151,Tyrantrum,,697,♀,3128,164,15,15,15,100.0,40.0,40.0,Rock Throw,Meteor Beam,,"2023-08-27 14:27",,354.47kg,2.87m,0,0,0,10000,,,,,,,,,,,,,,,,,,,,,,,,,
152,Kabutops,,141,♂,2713,134,15,15,15,100.0,40.0,40.0,Waterfall,Ancient Power,,"2023-08-27 14:27",,55.13kg,1.51m,0,0,0,10000,,,,,,,,,,,,,,,,,,,,,,,,,
153,Omastar,,139,♂,2786,147,15,15,15,100.0,40.0,40.0,Mud Shot,Rock Blast,,"2023-08-27 14:27",,30.66kg,0.86m,0,0,0,10000,,,,,,,,,,,,,,,,,,,,,,,,,
154,Dodrio,,85,♀,2362,134,15,15,15,100.0,40.0,40.0,Steel Wing,Brave Bird,,"2023-08-27 14:27",,146.73kg,2.2m,0,0,0,10000,,,,,,,,,91.65%,343,97.18%,100000,0,Dodrio,,0,,,,,,,,,
155,Blastoise,Normal,9,♀,2466,160,15,15,15,100.0,40.0,40.0,Water Gun,Hydro Cannon,,"2023-08-27 14:27",,106.98kg,1.75m,0,0,0,10000,,,,,,,,,57.83%,1728,95.79%,20000,0,Blastoise,Normal,0,,,,,,,,,
156,Dodrio,,85,♀,2362,134,15,15,15,100.0,40.0,40.0,Steel Wing,Aerial Ace,,"2023-08-27 14:27",,94.15kg,1.92m,0,0,0,10000,,,,,,,,,91.65%,343,97.18%,100000,0,Dodrio,,0,,,,,,,,,
157,Drapion,,452,♀,2453,147,15,15,15,100.0,40.0,40.0,Poison Sting,Crunch,,"2023-08-27 14:27",,77.65kg,1.45m,0,0,0,10000,,,,,,,,,70.45%,1211,96.15%,31000,0,Drapion,,0,,,,,,,,,
158,Milotic,,350,♀,3005,182,15,15,15,100.0,40.0,40.0,Dragon Tail,Blizzard,,"2023-08-27 14:27",,260.86kg,7.75m,0,0,0,10000,,,,,,,,,,,,,,,,,,,,,,,,,
159,Blaziken,Normal,257,♀,2848,162,15,15,15,100.0,40.0,40.0,Fire Spin,Blaze Kick,,"2023-08-27 14:27",,70.61kg,2.13m,0,0,0,10000,,,,,,,,,,,,,,,,,,,,,,,,,
160,Charizard,Normal,6,♂,2889,158,15,15,15,100.0,40.0,40.0,Fire Spin,Overheat,,"2023-08-27 14:27",,125.95kg,2.04m,0,0,0,10000,,,,,,,,,,,,,,,,,,,,,,,,,
161,Hypno,,97,♂,2090,168,15,15,15,100.0,40.0,40.0,Confusion,Psychic,,"2023-08-27 14:27",,74.02kg,1.59m,0,0,0,10000,,,,,,,,,100.00%,1,100%,250000,0,Hypno,,0,,,,,,,,,
162,Yanma,,193,♂,1470,140,15,15,15,100.0,40.0,40.0,Wing Attack,Aerial Ace,,"2023-08-27 14:27",,34.96kg,1.13m,0,0,0,10000,84.08%,653,95.71%,31000,0,Yanma,,0,100.00%,1,100%,250000,0,Yanma,,0,,,,,,,,,
163,Tangrowth,,465,♂,3030,189,15,15,15,100.0,40.0,40.0,Vine Whip,Solar Beam,,"2023-08-27 14:27",,80.2kg,1.64m,0,0,0,10000,,,,,,,,,,,,,,,,,,,,,,,,,
164,Swellow,,277,♂,1920,134,15,15,15,100.0,40.0,40.0,Steel Wing,Sky Attack,,"2023-08-27 14:27",,16.26kg,0.63m,0,0,0,10000,,,,,,,,,100.00%,1,100%,250000,0,Swellow,,0,,,,,,,,,
165,Garchomp,,445,♂,3962,200,15,15,15,100.0,40.0,40.0,Dragon Tail,Outrage,,"2023-08-27 14:27",,69.6kg,1.61m,0,0,0,10000,,,,,,,,,,,,,,,,,,,,,,,,,
166,Toxicroak,,454,♀,2488,165,15,15,15,100.0,40.0,40.0,Poison Jab,Sludge Bomb,,"2023-08-27 14:27",,31.4kg,0.95m,0,0,0,10000,,,,,,,,,51.36%,1993,95.91%,0,0,Toxicroak,,0,,,,,,,,,
167,Swirlix,,684,♂,1179,136,15,15,15,100.0,40.0,40.0,Tackle,Energy Ball,,"2023-08-27 14:27",,2.39kg,0.36m,0,0,0,10000,100.00%,1,100%,250000,0,Swirlix,,0,100.00%,1,100%,250000,50,Slurpuff,,0,,,,,,,,,
168,Ninetales,Normal,38,♂,2279,151,15,15,15,100.0,40.0,40.0,Feint Attack,Heat Wave,,"2023-08-27 14:27",,24.59kg,1.22m,0,0,0,10000,,,,,,,,,95.87%,170,97.86%,164000,0,Ninetales,Normal,0,,,,,,,,,
169,Magmar,,126,♀,2376,140,15,15,15,100.0,39.5,39.5,Ember,Flamethrower,,"2023-08-27 14:27",,36.9kg,1.24m,0,0,0,10000,,,,,,,,,72.97%,1108,95.69%,74000,15,Magmar,,0,,,,,,,,,
170,Blaziken,Normal,257,♂,2848,162,15,15,15,100.0,40.0,40.0,Fire Spin,Blaze Kick,,"2023-08-27 14:27",,51.15kg,1.99m,0,0,0,10000,,,,,,,,,,,,,,,,,,,,,,,,,
171,Charizard,Normal,6,♂,2889,158,15,15,15,100.0,40.0,40.0,Fire Spin,Overheat,,"2023-08-27 14:27",,116.39kg,1.99m,0,0,0,10000,,,,,,,,,,,,,,,,,,,,,,,,,
172,Jolteon,,135,♂,2888,140,15,15,15,100.0,40.0,40.0,Thunder Shock,Discharge,,"2023-08-27 14:26",,47.95kg,1.11m,0,0,0,10000,,,,,,,,,,,,,,,,,,,,,,,,,
173,Venusaur,Normal,3,♀,2720,162,15,15,15,100.0,40.0,40.0,Vine Whip,Solar Beam,,"2023-08-27 14:26",,86kg,1.72m,0,0,0,10000,,,,,,,,,,,,,,,,,,,,,,,,,
174,Hitmonchan,,107,♂,2332,120,15,15,15,100.0,40.0,40.0,Counter,Fire Punch,,"2023-08-27 14:26",,29.43kg,1.12m,0,0,0,10000,,,,,,,,,93.77%,256,97.64%,125000,0,Hitmonchan,,0,,,,,,,,,
175,Gengar,Normal,94,♂,2878,134,15,15,15,100.0,40.0,40.0,Shadow Claw,Shadow Ball,,"2023-08-27 14:26",,33.64kg,1.36m,0,0,0,10000,,,,,,,,,,,,,,,,,,,,,,,,,
176,Starmie,,121,,2584,134,15,15,15,100.0,40.0,40.0,Water Gun,Ice Beam,,"2023-08-27 14:26",,70.29kg,1.17m,0,0,0,10000,,,,,,,,,,,,,,,,,,,,,,,,,
177,Lurantis,,754,♂,2398,147,15,15,15,100.0,40.0,40.0,Leafage,Leaf Storm,,"2023-08-27 14:26",,23.46kg,1.01m,0,0,0,10000,,,,,,,,,70.77%,1198,95.78%,64000,0,Lurantis,,0,,,,,,,,,
178,Swampert,Normal,260,♂,2974,189,15,15,15,100.0,40.0,40.0,Mud Shot,Earthquake,,"2023-08-27 14:26",,41.82kg,1.18m,0,0,0,10000,,,,,,,,,,,,,,,,,,,,,,,,,
179,Venusaur,Normal,3,♂,2720,162,15,15,15,100.0,40.0,40.0,Vine Whip,Solar Beam,,"2023-08-27 14:26",,92.79kg,2.16m,0,0,0,10000,,,,,,,,,,,,,,,,,,,,,,,,,
180,Swellow,,277,♂,1920,134,15,15,15,100.0,40.0,40.0,Wing Attack,Brave Bird,,"2023-08-27 14:26",,33.7kg,0.97m,0,0,0,10000,,,,,,,,,100.00%,1,100%,250000,0,Swellow,,0,,,,,,,,,
181,Gardevoir,Normal,282,♂,3093,145,15,15,15,100.0,40.0,40.0,Charm,Dazzling Gleam,,"2023-08-27 14:26",,40.44kg,1.59m,0,0,0,10000,,,,,,,,,,,,,,,,,,,,,,,,,
182,Crawdaunt,,342,♂,2474,138,15,15,15,100.0,40.0,40.0,Snarl,Crabhammer,,"2023-08-27 14:26",,27.97kg,1.06m,0,0,0,10000,,,,,,,,,61.56%,1575,96.18%,10000,0,Crawdaunt,,0,,,,,,,,,
183,Sceptile,Normal,254,♂,2757,147,15,15,15,100.0,40.0,40.0,Bullet Seed,Leaf Blade,,"2023-08-27 14:26",,62.79kg,1.75m,0,0,0,10000,,,,,,,,,,,,,,,,,,,,,,,,,
184,Swampert,Normal,260,♂,2974,189,15,15,15,100.0,40.0,40.0,Mud Shot,Earthquake,,"2023-08-27 14:26",,57.82kg,1.28m,0,0,0,10000,,,,,,,,,,,,,,,,,,,,,,,,,
185,Venusaur,Normal,3,♂,2720,162,15,15,15,100.0,40.0,40.0,Vine Whip,Solar Beam,,"2023-08-27 14:26",,107.21kg,2.18m,0,0,0,10000,,,,,,,,,,,,,,,,,,,,,,,,,
186,Wigglytuff,,40,♀,1926,244,15,15,15,100.0,40.0,40.0,Pound,Play Rough,,"2023-08-27 14:26",,7.11kg,0.86m,0,0,0,10000,,,,,,,,,100.00%,1,100%,250000,0,Wigglytuff,,0,,,,,,,,,
187,Throh,,538,♂,2562,217,15,15,15,100.0,40.0,40.0,Low Kick,Low Sweep,,"2023-08-27 14:26",,61.91kg,1.34m,0,0,0,10000,,,,,,,,,,,,,,,,,,,,,,,,,
188,Arcanine,Normal,59,♂,3029,175,15,15,15,100.0,40.0,40.0,Thunder Fang,Wild Charge,,"2023-08-27 14:25",,220.58kg,2.15m,0,0,0,10000,,,,,,,,,,,,,,,,,,,,,,,,,
189,Weezing,Normal,110,♂,2293,140,15,15,15,100.0,40.0,40.0,Tackle,Sludge Bomb,,"2023-08-27 14:25",,6.61kg,0.94m,0,0,0,10000,,,,,,,,,96.92%,127,98.15%,164000,0,Weezing,Normal,0,,,,,,,,,
190,Wailord,,321,♂,2280,286,15,15,15,100.0,40.0,40.0,Zen Headbutt,Surf,,"2023-08-27 14:25",,565.4kg,17.06m,0,0,0,10000,,,,,,,,,95.19%,198,97.64%,164000,0,Wailord,,0,,,,,,,,,
191,Rhyperior,,464,♂,3200,194,15,15,15,100.0,30.0,30.0,Mud-Slap,Earthquake,,"2023-08-27 14:25",,246.84kg,2.22m,0,0,0,5000,,,,,,,,,,,,,,,,,,,,,,,,,
192,Primarina,,730,♂,3200,162,15,15,15,100.0,40.0,40.0,Waterfall,Hydro Pump,,"2023-08-27 14:25",,15.92kg,1.4m,0,0,0,10000,,,,,,,,,,,,,,,,,,,,,,,,,
193,Blaziken,Normal,257,♂,2848,162,15,15,15,100.0,40.0,40.0,Fire Spin,Blaze Kick,,"2023-08-27 14:25",,70.52kg,2.18m,0,0,0,10000,,,,,,,,,,,,,,,,,,,,,,,,,
194,Sceptile,Normal,254,♂,2757,147,15,15,15,100.0,40.0,40.0,Bullet Seed,Aerial Ace,,"2023-08-27 14:25",,78.13kg,2.07m,0,0,0,10000,,,,,,,,,,,,,,,,,,,,,,,,,
195,Charizard,Normal,6,♂,2889,158,15,15,15,100.0,40.0,40.0,Fire Spin,Blast Burn,,"2023-08-27 14:25",,117.83kg,1.96m,0,0,0,10000,,,,,,,,,,,,,,,,,,,,,,,,,
196,Raticate,Normal,20,♀,1730,127,15,15,15,100.0,40.0,40.0,Quick Attack,Hyper Beam,,"2023-08-27 14:25",,16.13kg,0.69m,0,0,0,10000,,,,,,,,,100.00%,1,100%,250000,0,Raticate,Normal,0,,,,,,,,,
197,Yanmega,,469,♀,2946,169,15,15,15,100.0,40.0,40.0,Wing Attack,Bug Buzz,,"2023-08-27 14:25",,41.03kg,1.47m,0,0,0,10000,,,,,,,,,,,,,,,,,,,,,,,,,
198,Haxorus,,612,♀,3895,162,15,15,15,100.0,46.5,46.5,Dragon Tail,Breaking Swipe,,"2023-08-27 14:25",,84.25kg,1.63m,0,0,0,13000,,,,,,,,,,,,,,,,,,,,,,,,,
199,Venusaur,Normal,3,♂,2720,162,15,15,15,100.0,40.0,40.0,Razor Leaf,Petal Blizzard,,"2023-08-27 14:25",,124.38kg,2.16m,0,0,0,10000,,,,,,,,,,,,,,,,,,,,,,,,,
200,Haxorus,,612,♀,3593,156,15,15,15,100.0,40.0,40.0,Dragon Tail,Dragon Claw,,"2023-08-27 14:25",,113.06kg,1.76m,0,0,0,10000,,,,,,,,,,,,,,,,,,,,,,,,,
201,Golisopod,,768,♀,3162,154,15,15,15,100.0,40.0,40.0,Shadow Claw,Aqua Jet,,"2023-08-27 14:25",,63.27kg,1.58m,0,0,0,10000,,,,,,,,,,,,,,,,,,,,,,,,,
202,Emboar,,500,♂,2982,203,15,15,15,100.0,40.0,40.0,Ember,Flame Charge,,"2023-08-27 14:25",,199.21kg,1.86m,0,0,0,10000,,,,,,,,,,,,,,,,,,,,,,,,,
203,Tangrowth,,465,♀,3030,189,15,15,15,100.0,40.0,40.0,Infestation,Ancient Power,,"2023-08-27 14:25",,147.86kg,2.32m,0,0,0,10000,,,,,,,,,,,,,,,,,,,,,,,,,
204,Drapion,,452,♀,2453,147,15,15,15,100.0,40.0,40.0,Ice Fang,Crunch,,"2023-08-27 14:25",,65.87kg,1.32m,0,0,0,10000,,,,,,,,,70.45%,1211,96.15%,31000,0,Drapion,,0,,,,,,,,,
205,Arbok,,24,♀,1921,134,15,15,15,100.0,40.0,40.0,Dragon Tail,Gunk Shot,,"2023-08-27 14:25",,90.98kg,4.17m,0,0,0,10000,,,,,,,,,100.00%,1,100%,250000,0,Arbok,,0,,,,,,,,,
206,Delphox,,655,♂,3059,154,15,15,15,100.0,40.0,40.0,Zen Headbutt,Flamethrower,,"2023-08-27 14:25",,47.32kg,1.58m,0,0,0,10000,,,,,,,,,,,,,,,,,,,,,,,,,
207,Vaporeon,,134,♂,3114,230,15,15,15,100.0,40.0,40.0,Water Gun,Water Pulse,,"2023-08-27 14:25",,27.47kg,1.11m,0,0,0,10000,,,,,,,,,,,,,,,,,,,,,,,,,
208,Dugtrio,Normal,51,♀,1567,99,15,15,15,100.0,40.0,40.0,Mud-Slap,Earthquake,,"2023-08-27 14:25",,15.23kg,0.57m,0,0,0,10000,,,,,,,,,100.00%,1,100%,250000,0,Dugtrio,Normal,0,,,,,,,,,
209,Staraptor,,398,♂,3194,178,15,15,15,100.0,50.0,50.0,Wing Attack,Brave Bird,,"2023-08-27 14:25",,16.39kg,0.93m,0,0,0,15000,,,,,,,,,,,,,,,,,,,,,,,,,
210,Dragalge,,691,♂,2383,140,15,15,15,100.0,40.0,40.0,Water Gun,Hydro Pump,,"2023-08-27 14:25",,60.53kg,1.65m,0,0,0,10000,,,,,,,,,70.43%,1212,95.67%,76000,0,Dragalge,,0,,,,,,,,,
211,Gyarados,Normal,130,♂,3391,182,15,15,15,100.0,40.0,40.0,Bite,Crunch,,"2023-08-27 14:25",,294.18kg,7.38m,0,0,0,10000,,,,,,,,,,,,,,,,,,,,,,,,,
212,Sawsbuck,,586,♂,2416,162,15,15,15,100.0,40.0,40.0,Take Down,Hyper Beam,,"2023-08-27 14:25",,92.15kg,1.95m,0,0,0,10000,,,,,,,,,71.75%,1158,96.42%,53000,0,Sawsbuck,,0,,,,,,,,,
213,Rampardos,,409,♂,3298,184,15,15,15,100.0,40.0,40.0,Smack Down,Rock Slide,,"2023-08-27 14:25",,134.72kg,1.78m,0,0,0,10000,,,,,,,,,,,,,,,,,,,,,,,,,
214,Staraptor,,398,♀,3194,178,15,15,15,100.0,50.0,50.0,Wing Attack,Brave Bird,,"2023-08-27 14:25",,30.46kg,1.4m,0,0,0,15000,,,,,,,,,,,,,,,,,,,,,,,,,
215,Seismitoad,,537,♀,2564,195,15,15,15,100.0,40.0,40.0,Mud Shot,Earth Power,,"2023-08-27 14:25",,57.39kg,1.38m,0,0,0,10000,,,,,,,,,,,,,,,,,,,,,,,,,
216,Glaceon,,471,♀,3535,149,15,15,15,100.0,50.0,50.0,Frost Breath,Avalanche,,"2023-08-27 14:25",,23.58kg,0.68m,0,0,0,15000,,,,,,,,,,,,,,,,,,,,,,,,,
217,Rhyperior,,464,♂,3413,201,15,15,15,100.0,34.0,34.0,Smack Down,Stone Edge,,"2023-08-27 14:25",,223.76kg,2.32m,0,0,0,7000,,,,,,,,,,,,,,,,,,,,,,,,,
218,Togekiss,,468,♂,3524,173,15,15,15,100.0,44.5,44.5,Air Slash,Aerial Ace,,"2023-08-27 14:25",,32.48kg,1.34m,0,0,0,12000,,,,,,,,,,,,,,,,,,,,,,,,,
219,Umbreon,,197,♀,2137,182,15,15,15,100.0,40.0,40.0,Feint Attack,Foul Play,,"2023-08-27 14:25",,18.98kg,0.86m,0,0,0,10000,,,,,,,,,100.00%,1,100%,250000,0,Umbreon,,0,,,,,,,,,
220,Sawsbuck,,586,♂,2416,162,15,15,15,100.0,40.0,40.0,Take Down,Solar Beam,,"2023-08-27 14:25",,76.85kg,1.86m,0,0,0,10000,,,,,,,,,71.75%,1158,96.42%,53000,0,Sawsbuck,,0,,,,,,,,,
221,Gengar,Normal,94,♀,2878,134,15,15,15,100.0,40.0,40.0,Lick,Shadow Ball,,"2023-08-27 14:24",,55.49kg,1.8m,0,0,0,10000,,,,,,,,,,,,,,,,,,,,,,,,,
222,Stoutland,,508,♂,2827,168,15,15,15,100.0,40.0,40.0,Take Down,Play Rough,,"2023-08-27 14:24",,44.69kg,1.11m,0,0,0,10000,,,,,,,,,,,,,,,,,,,,,,,,,
223,Houndoom,Normal,229,♀,2635,154,15,15,15,100.0,40.0,40.0,Fire Fang,Flamethrower,,"2023-08-27 14:24",,32.39kg,1.28m,0,0,0,10000,,,,,,,,,,,,,,,,,,,,,,,,,
224,Tyrantrum,,697,♂,3128,164,15,15,15,100.0,40.0,40.0,Rock Throw,Meteor Beam,,"2023-08-27 14:24",,327.61kg,2.72m,0,0,0,10000,,,,,,,,,,,,,,,,,,,,,,,,,
225,Skuntank,,435,♀,2358,193,15,15,15,100.0,40.0,40.0,Poison Jab,Crunch,,"2023-08-27 14:24",,58.86kg,1.17m,0,0,0,10000,,,,,,,,,87.74%,503,96.65%,100000,0,Skuntank,,0,,,,,,,,,
226,Hydreigon,,635,♀,3625,178,15,15,15,100.0,40.0,40.0,Dragon Breath,Dragon Pulse,,"2023-08-27 14:24",,225.94kg,2.12m,0,0,0,10000,,,,,,,,,,,,,,,,,,,,,,,,,
227,Togekiss,,468,♂,3332,168,15,15,15,100.0,40.0,40.0,Air Slash,Aerial Ace,,"2023-08-27 14:24",,25.09kg,1.2m,0,0,0,10000,,,,,,,,,,,,,,,,,,,,,,,,,
228,Beedrill,Normal,15,♂,1846,140,15,15,15,100.0,40.0,40.0,Infestation,X-Scissor,,"2023-08-27 14:24",,26.03kg,0.92m,0,0,0,10000,,,,,,,,,100.00%,1,100%,250000,0,Beedrill,Normal,0,,,,,,,,,
229,Golem,Alola,76,♀,2949,162,15,15,15,100.0,40.0,40.0,Volt Switch,Wild Charge,,"2023-08-27 14:24",,286.46kg,1.6m,0,0,0,10000,,,,,,,,,,,,,,,,,,,,,,,,,
230,Stoutland,,508,♂,2827,168,15,15,15,100.0,40.0,40.0,Lick,Wild Charge,,"2023-08-27 14:24",,36.54kg,1.04m,0,0,0,10000,,,,,,,,,,,,,,,,,,,,,,,,,
231,Vaporeon,,134,♂,3114,230,15,15,15,100.0,40.0,40.0,Water Gun,Water Pulse,,"2023-08-27 14:24",,27.51kg,0.97m,0,0,0,10000,,,,,,,,,,,,,,,,,,,,,,,,,
232,Flareon,,136,♂,3106,142,15,15,15,100.0,42.0,42.0,Fire Spin,Fire Blast,,"2023-08-27 14:24",,29.99kg,0.91m,0,0,0,11000,,,,,,,,,,,,,,,,,,,,,,,,,
233,Emboar,,500,♂,2982,203,15,15,15,100.0,40.0,40.0,Low Kick,Focus Blast,,"2023-08-27 14:24",,76.51kg,1.3m,0,0,0,10000,,,,,,,,,,,,,,,,,,,,,,,,,
234,Leafeon,,470,♂,2944,140,15,15,15,100.0,40.0,40.0,Razor Leaf,Solar Beam,,"2023-08-27 14:24",,26.17kg,1.06m,0,0,0,10000,,,,,,,,,,,,,,,,,,,,,,,,,
235,Gardevoir,Normal,282,♀,3312,150,15,15,15,100.0,45.5,45.5,Confusion,Psychic,,"2023-08-27 14:24",,34.46kg,1.29m,0,0,0,13000,,,,,,,,,,,,,,,,,,,,,,,,,
236,Tyrantrum,,697,♂,3248,167,15,15,15,100.0,43.0,43.0,Rock Throw,Meteor Beam,,"2023-08-27 14:24",,171.15kg,2.15m,0,0,0,12000,,,,,,,,,,,,,,,,,,,,,,,,,
237,Espeon,,196,♂,3583,149,15,15,15,100.0,50.0,50.0,Confusion,Psychic,,"2023-08-27 14:23",,35.64kg,1.04m,0,0,0,15000,,,,,,,,,,,,,,,,,,,,,,,,,
238,Mamoswine,,473,♂,3542,209,15,15,15,100.0,45.0,45.0,Mud-Slap,High Horsepower,,"2023-08-27 14:23",,383.24kg,2.99m,0,0,0,13000,,,,,,,,,,,,,,,,,,,,,,,,,
239,Mamoswine,,473,♂,3328,203,15,15,15,100.0,40.0,40.0,Powder Snow,Avalanche,,"2023-08-27 14:23",,146.32kg,1.96m,0,0,0,10000,,,,,,,,,,,,,,,,,,,,,,,,,
240,Rhyperior,,464,♂,3733,210,15,15,15,100.0,40.0,40.0,Mud-Slap,Earthquake,,"2023-08-27 14:23",,331.61kg,2.47m,0,0,0,10000,,,,,,,,,,,,,,,,,,,,,,,,,
241,Hydreigon,,635,♂,3625,178,15,15,15,100.0,40.0,40.0,Dragon Breath,Dragon Pulse,,"2023-08-27 14:23",,207.77kg,2m,0,0,0,10000,,,,,,,,,,,,,,,,,,,,,,,,,
242,Exeggutor,Normal,103,♀,3267,190,15,15,15,100.0,46.5,46.5,Confusion,Psychic,,"2023-08-27 14:23",,160.31kg,2.29m,0,0,0,13000,,,,,,,,,,,,,,,,,,,,,,,,,
243,Chesnaught,,652,♂,3340,184,15,15,15,100.0,50.0,50.0,Vine Whip,Solar Beam,,"2023-08-27 14:23",,115.05kg,1.79m,0,0,0,15000,,,,,,,,,,,,,,,,,,,,,,,,,
244,Braviary,Normal,628,♂,3246,194,15,15,15,100.0,44.0,44.0,Air Slash,Brave Bird,,"2023-08-27 14:23",,26.24kg,1.42m,0,0,0,12000,,,,,,,,,,,,,,,,,,,,,,,,,
245,Delphox,,655,♂,3059,154,15,15,15,100.0,40.0,40.0,Fire Spin,Mystical Fire,,"2023-08-27 14:23",,53.56kg,1.76m,0,0,0,10000,,,,,,,,,,,,,,,,,,,,,,,,,
246,Glaceon,,471,♂,3126,140,15,15,15,100.0,40.0,40.0,Frost Breath,Avalanche,,"2023-08-27 14:23",,17.52kg,0.7m,0,0,0,10000,,,,,,,,,,,,,,,,,,,,,,,,,
247,Aggron,Normal,306,♀,3000,147,15,15,15,100.0,40.0,40.0,Iron Tail,Stone Edge,,"2023-08-27 14:23",,207.34kg,1.83m,0,0,0,10000,,,,,,,,,,,,,,,,,,,,,,,,,
248,Rhyperior,,464,♀,3733,210,15,15,15,100.0,40.0,40.0,Mud-Slap,Earthquake,,"2023-08-27 14:23",,161.93kg,1.97m,0,0,0,10000,,,,,,,,,,,,,,,,,,,,,,,,,
249,Tyranitar,Normal,248,♀,3834,189,15,15,15,100.0,40.0,40.0,Bite,Brutal Swing,,"2023-08-27 14:23",,113.7kg,1.68m,0,0,0,10000,,,,,,,,,,,,,,,,,,,,,,,,,
250,Jolteon,,135,♂,2888,140,15,15,15,100.0,40.0,40.0,Thunder Shock,Discharge,,"2023-08-27 14:23",,16.7kg,0.78m,0,0,0,10000,,,,,,,,,,,,,,,,,,,,,,,,,
251,Chesnaught,,652,♂,3086,176,15,15,15,100.0,43.5,43.5,Vine Whip,Solar Beam,,"2023-08-27 14:23",,70.79kg,1.48m,0,0,0,12000,,,,,,,,,,,,,,,,,,,,,,,,,
252,Gyarados,Normal,130,♂,3834,194,15,15,15,100.0,50.0,50.0,Waterfall,Hydro Pump,,"2023-08-27 14:23",,395.63kg,7.96m,0,0,0,15000,,,,,,,,,,,,,,,,,,,,,,,,,
253,Blastoise,Normal,9,♂,2755,169,15,15,15,100.0,49.0,49.0,Water Gun,Skull Bash,,"2023-08-27 14:23",,46.06kg,1.23m,0,0,0,15000,,,,,,,,,,,,,,,,,,,,,,,,,
254,Gardevoir,Normal,282,♀,3093,145,15,15,15,100.0,40.0,40.0,Charm,Dazzling Gleam,,"2023-08-27 14:23",,31.24kg,1.3m,0,0,0,10000,,,,,,,,,,,,,,,,,,,,,,,,,
255,Tyranitar,Normal,248,♂,4232,199,15,15,15,100.0,48.0,48.0,Bite,Brutal Swing,,"2023-08-27 14:23",,309.61kg,2.51m,0,0,0,14000,,,,,,,,,,,,,,,,,,,,,,,,,
256,Excadrill,,530,♀,3667,215,15,15,15,100.0,50.0,50.0,Metal Claw,Iron Head,,"2023-08-27 14:23",,45.6kg,0.7m,0,0,0,15000,,,,,,,,,,,,,,,,,,,,,,,,,
257,Emboar,,500,♂,3252,212,15,15,15,100.0,47.0,47.0,Ember,Flame Charge,,"2023-08-27 14:23",,202.34kg,1.75m,0,0,0,14000,,,,,,,,,,,,,,,,,,,,,,,,,
258,Houndoom,Normal,229,♀,2668,155,15,15,15,100.0,41.0,41.0,Snarl,Foul Play,,"2023-08-27 14:23",,21.34kg,1.25m,0,0,0,11000,,,,,,,,,,,,,,,,,,,,,,,,,
259,Sylveon,,700,♀,3470,194,15,15,15,100.0,50.0,50.0,Charm,Dazzling Gleam,,"2023-08-27 14:23",,32.25kg,1.13m,0,0,0,15000,,,,,,,,,,,,,,,,,,,,,,,,,
260,Gengar,Normal,94,♂,2988,136,15,15,15,100.0,43.0,43.0,Lick,Shadow Ball,,"2023-08-27 14:23",,46.44kg,1.56m,0,0,0,12000,,,,,,,,,,,,,,,,,,,,,,,,,
261,Primarina,,730,♂,3448,168,15,15,15,100.0,46.0,46.0,Waterfall,Hydro Pump,,"2023-08-27 14:23",,51.67kg,1.84m,0,0,0,13000,,,,,,,,,,,,,,,,,,,,,,,,,
262,Stoutland,,508,♀,2827,168,15,15,15,100.0,40.0,40.0,Lick,Crunch,,"2023-08-27 14:23",,75.7kg,1.37m,0,0,0,10000,,,,,,,,,,,,,,,,,,,,,,,,,
263,Staraptor,,398,♀,3194,178,15,15,15,100.0,50.0,50.0,Wing Attack,Brave Bird,,"2023-08-27 14:23",,29.21kg,1.35m,0,0,0,15000,,,,,,,,,,,,,,,,,,,,,,,,,
264,Blissey,,242,♀,2757,403,15,15,15,100.0,40.0,40.0,Pound,Hyper Beam,,"2023-08-27 14:23",,19.86kg,1.18m,0,0,0,10000,,,,,,,,,,,,,,,,,,,,,,,,,
265,Azumarill,,184,♂,1588,189,15,15,15,100.0,40.0,40.0,Bubble,Hydro Pump,,"2023-08-27 14:22",,11.42kg,0.57m,0,0,0,10000,,,,,,,,,100.00%,1,100%,250000,0,Azumarill,,0,,,,,,,,,
266,Aggron,Normal,306,♂,3271,154,15,15,15,100.0,47.0,47.0,Smack Down,Meteor Beam,,"2023-08-27 14:22",,416.8kg,2.25m,0,0,0,14000,,,,,,,,,,,,,,,,,,,,,,,,,
267,Persian,Normal,53,♀,1689,140,15,15,15,100.0,40.0,40.0,Scratch,Play Rough,,"2023-08-27 14:22",,14.79kg,0.86m,0,0,0,10000,,,,,,,,,100.00%,1,100%,250000,0,Persian,Normal,0,,,,,,,,,
268,Stoutland,,508,♀,3083,175,15,15,15,100.0,47.0,47.0,Lick,Wild Charge,,"2023-08-27 14:22",,71.05kg,1.35m,0,0,0,14000,,,,,,,,,,,,,,,,,,,,,,,,,
269,Lopunny,Normal,428,♂,2138,143,15,15,15,100.0,43.0,43.0,Low Kick,Fire Punch,,"2023-08-27 14:22",,45.46kg,1.47m,0,0,0,12000,,,,,,,,,100.00%,1,100%,186000,0,Lopunny,Normal,0,,,,,,,,,
270,Exploud,,295,♀,2560,203,15,15,15,100.0,47.0,47.0,Astonish,Fire Blast,,"2023-08-27 14:22",,126.47kg,1.74m,0,0,0,14000,,,,,,,,,,,,,,,,,,,,,,,,,
271,Snorlax,,143,♂,3225,272,15,15,15,100.0,40.0,40.0,Zen Headbutt,Earthquake,,"2023-08-27 14:22",,472.22kg,1.89m,0,0,0,10000,,,,,,,,,,,,,,,,,,,,,,,,,
272,Gumshoos,,735,♀,2185,173,15,15,15,100.0,40.0,40.0,Bite,Hyper Fang,,"2023-08-27 14:22",,10.99kg,0.6m,0,0,0,10000,,,,,,,,,100.00%,1,100%,250000,0,Gumshoos,,0,,,,,,,,,
273,Diggersby,,660,♀,1576,172,15,15,15,100.0,43.5,43.5,Quick Attack,Fire Punch,,"2023-08-27 14:22",,41.95kg,0.9m,0,0,0,12000,,,,,,,,,100.00%,1,100%,174000,0,Diggersby,,0,,,,,,,,,
274,Tangrowth,,465,♀,3146,193,15,15,15,100.0,43.0,43.0,Vine Whip,Solar Beam,,"2023-08-27 14:22",,121.95kg,1.95m,0,0,0,12000,,,,,,,,,,,,,,,,,,,,,,,,,
275,Swoobat,,528,♀,1804,147,15,15,15,100.0,44.0,44.0,Confusion,Psychic Fangs,,"2023-08-27 14:22",,5.64kg,073m,0,0,0,12000,,,,,,,,,100.00%,1,100%,162000,0,Swoobat,,0,,,,,,,,,
276,Unfezant,,521,♂,2734,162,15,15,15,100.0,40.0,40.0,Air Slash,Sky Attack,,"2023-08-27 14:22",,32.46kg,1.26m,0,0,0,10000,,,,,,,,,,,,,,,,,,,,,,,,,
277,Solrock,,338,,2387,177,15,15,15,100.0,42.0,42.0,Rock Throw,Solar Beam,,"2023-08-27 14:22",,92.14kg,0.96m,0,0,0,11000,,,,,,,,,90.26%,400,97.21%,83000,0,Solrock,,0,,,,,,,,,
278,Excadrill,,530,♀,3368,206,15,15,15,100.0,43.0,43.0,Mud-Slap,Drill Run,,"2023-08-27 14:22",,24.6kg,0.57m,0,0,0,12000,,,,,,,,,,,,,,,,,,,,,,,,,
279,Serperior,,497,♀,2335,156,15,15,15,100.0,42.0,42.0,Vine Whip,Leaf Tornado,,"2023-08-27 14:22",,67.18kg,3.15m,0,0,0,11000,,,,,,,,,98.80%,50,99.12%,136000,0,Serperior,,0,,,,,,,,,
280,Jumpluff,,189,♀,1667,156,15,15,15,100.0,41.5,41.5,Bullet Seed,Energy Ball,,"2023-08-27 14:22",,4.46kg,0.88m,0,0,0,11000,,,,,,,,,100.00%,1,100%,219000,0,Jumpluff,,0,,,,,,,,,
281,Vikavolt,,738,♀,3196,159,15,15,15,100.0,42.0,42.0,Bug Bite,X-Scissor,,"2023-08-27 14:22",,41.45kg,1.4m,0,0,0,11000,,,,,,,,,,,,,,,,,,,,,,,,,
282,Sandslash,Normal,28,♂,2434,156,15,15,15,100.0,42.0,42.0,Mud Shot,Earthquake,,"2023-08-27 14:22",,10.58kg,0.61m,0,0,0,11000,,,,,,,,,79.95%,822,96.42%,46000,0,Sandslash,Normal,0,,,,,,,,,
283,Fearow,,22,♀,2125,145,15,15,15,100.0,45.0,45.0,Steel Wing,Sky Attack,,"2023-08-27 14:22",,51.51kg,1.47m,0,0,0,13000,,,,,,,,,100.00%,1,100%,138000,0,Fearow,,0,,,,,,,,,
284,Drifblim,,426,♂,2613,270,15,15,15,100.0,47.5,47.5,Hex,Ominous Wind,,"2023-08-27 14:22",,9.51kg,0.99m,0,0,0,14000,,,,,,,,,,,,,,,,,,,,,,,,,
285,Ledian,,166,♀,1363,128,15,15,15,100.0,41.0,41.0,Bug Bite,Aerial Ace,,"2023-08-27 14:22",,41.55kg,1.53m,0,0,0,11000,99.78%,10,99.12%,186000,0,Ledian,,0,100.00%,1,100%,230000,0,Ledian,,0,,,,,,,,,
286,Unfezant,,521,♀,3091,172,15,15,15,100.0,50.0,50.0,Air Slash,Sky Attack,,"2023-08-27 14:22",,14.34kg,0.96m,0,0,0,15000,,,,,,,,,,,,,,,,,,,,,,,,,
287,Empoleon,,395,♀,2919,168,15,15,15,100.0,40.5,40.5,Waterfall,Hydro Pump,Blizzard,"2023-08-27 14:22",,119.77kg,1.85m,0,0,0,10000,,,,,,,,,,,,,,,,,,,,,,,,,